<step title="Incoming Request" date="2025-12-11T18:46:40.736" instance="5b6600" url="/api/publish?type=zip" method="POST" type="request" pid="833,1,41" Accept="*/*" Host="kanom-roblox-esbng4c0eng4b3gc.scm.southeastasia-01.azurewebsites.net" User-Agent="AZURECLI/2.81.0 (HOMEBREW)" Accept-Encoding="gzip, deflate" Authorization="Bas..." Cache-Control="no-cache" Content-Type="application/octet-stream" Cookie="ARRAffinity=5b6600aecfae7b5eb1290df18fcc42fb8bc88d7b721b9274087658bfa90a5d85; ARRAffinitySameSite=5b6600aecfae7b5eb1290df18fcc42fb8bc88d7b721b9274087658bfa90a5d85" Content-Length="180716" x-ms-client-request-id="b241d2ae-d6c1-11f0-aee6-fe41b0dd23bf" x-ms-artifact-checksum="aa50e1cc072daa229a8360773473fa747605b60c7e2199f94bcd2b7a1219938a" X-ARR-LOG-ID="b241d2ae-d6c1-11f0-aee6-fe41b0dd23bf" CLIENT-IP="124.122.92.107:12631" X-SITE-DEPLOYMENT-ID="kanom-roblox" WAS-DEFAULT-HOSTNAME="kanom-roblox-esbng4c0eng4b3gc.scm.southeastasia-01.azurewebsites.net" X-Forwarded-Proto="https" X-AppService-Proto="https" X-Forwarded-TlsVersion="1.3" X-WAWS-Unencoded-URL="/api/publish?type=zip" X-Client-IP="124.122.92.107" X-Client-Port="12631" >
  <step title="OneDeploy" date="2025-12-11T18:46:40.788" >
    <step title="Starting PushDeployAsync" date="2025-12-11T18:46:40.796" /><!-- duration: 3ms -->
    <step title="Writing artifact to /tmp/zipdeploy/b2a6fede-2e87-452c-aad0-33138cb918fa.zip" date="2025-12-11T18:46:40.806" >
      <step title="Writing multipart request body to /tmp/zipdeploy/b2a6fede-2e87-452c-aad0-33138cb918fa.zip" date="2025-12-11T18:46:40.809" /><!-- duration: 3ms -->
    </step><!-- duration: 85ms -->
    <step title="Attempting to fetch target branch HEAD" date="2025-12-11T18:46:40.956" /><!-- duration: 19ms -->
    <step title="Acquiring Deployment Lock" date="2025-12-11T18:46:40.986" /><!-- duration: 19ms -->
    <step title="Acquired Deployment Lock" date="2025-12-11T18:46:41.092" /><!-- duration: 9ms -->
    <step title="Performing fetch based deployment" date="2025-12-11T18:46:41.106" >
      <step title="Creating temporary deployment" date="2025-12-11T18:46:41.109" /><!-- duration: 77ms -->
      <step title="Releasing Deployment Lock" date="2025-12-11T18:46:42.332" /><!-- duration: 4ms -->
      <step title="Cleaning up temp folders from previous zip deployments and extracting pushed zip file /tmp/zipdeploy/b2a6fede-2e87-452c-aad0-33138cb918fa.zip (0.17 MB) to /tmp/zipdeploy/extracted" date="2025-12-11T18:46:42.369" >
        <step title="ChmodRecursive Process exited with total time taken in ms: 83" date="2025-12-11T18:46:43.758" /><!-- duration: 9ms -->
      </step><!-- duration: 1406ms -->
      <step title="None repository commit" date="2025-12-11T18:46:43.786" >
        <step title="Commit id: ddd4d0a4-0275-4b86-bbaa-8e9639893e8f" date="2025-12-11T18:46:43.789" Message="OneDeploy" AuthorName="N/A" AuthorEmail="N/A" /><!-- duration: 2ms -->
      </step><!-- duration: 7ms -->
      <step title="Deployment timer started" date="2025-12-11T18:46:45.804" >
        <step title="DeploymentManager.Deploy(id:ddd4d0a4-0275-4b86-bbaa-8e9639893e8f)" date="2025-12-11T18:46:45.814" >
          <step title="Collecting changeset information" date="2025-12-11T18:46:45.884" /><!-- duration: 294ms -->
          <step title="Updating submodules" date="2025-12-11T18:46:46.205" /><!-- duration: 1180ms -->
          <step title="Determining deployment builder" date="2025-12-11T18:46:47.602" >
            <step title="Builder is CustomBuilder" date="2025-12-11T18:46:47.606" /><!-- duration: 9ms -->
          </step><!-- duration: 23ms -->
          <step title="PreDeployment: context.CleanOutputPath False" date="2025-12-11T18:46:47.687" >
            <step title="PreDeployment: context.OutputPath /home/site/wwwroot" date="2025-12-11T18:46:47.826" >
              <step title="Building" date="2025-12-11T18:46:47.977" >
                <step title="Executing external process" date="2025-12-11T18:46:48.588" type="process" path="starter.sh" arguments="npm install" /><!-- duration: 21057ms -->
                <step title="Modified file to trigger a restart of the app container." date="2025-12-11T18:47:10.019" /><!-- duration: 25ms -->
                <step title="Skip function trigger and logicapp sync because function is not enabled." date="2025-12-11T18:47:10.056" /><!-- duration: 8ms -->
              </step><!-- duration: 23006ms -->
            </step><!-- duration: 23162ms -->
            <step title="Cleaning up temp files" date="2025-12-11T18:47:10.990" /><!-- duration: 17ms -->
            <step title="Cleaning up temp files" date="2025-12-11T18:47:11.031" /><!-- duration: 598ms -->
            <step title="Reloading status file with latest updates" date="2025-12-11T18:47:11.736" >
              <step title="WebHooksManager.PublishEventAsync: PostDeployment" date="2025-12-11T18:47:11.747" /><!-- duration: 74ms -->
            </step><!-- duration: 88ms -->
            <step title="Cleaning up temporary deployment - fetch deployment was successful" date="2025-12-11T18:47:11.854" /><!-- duration: 15ms -->
          </step><!-- duration: 24269ms -->
        </step><!-- duration: 26157ms -->
        <step title="Outgoing response" date="2025-12-11T18:47:12.006" type="response" statusCode="200" statusText="OK" /><!-- duration: 4ms -->
      </step><!-- duration: 26208ms -->
