<step title="Incoming Request" date="2025-12-11T17:46:00.424" instance="5b6600" url="/api/publish?type=zip&amp;clean=True" method="POST" type="request" pid="847,1,49" Accept="*/*" Host="kanom-roblox-esbng4c0eng4b3gc.scm.southeastasia-01.azurewebsites.net" User-Agent="AZURECLI/2.81.0 (HOMEBREW)" Accept-Encoding="gzip, deflate" Authorization="Bas..." Cache-Control="no-cache" Content-Type="application/octet-stream" Cookie="ARRAffinity=5b6600aecfae7b5eb1290df18fcc42fb8bc88d7b721b9274087658bfa90a5d85; ARRAffinitySameSite=5b6600aecfae7b5eb1290df18fcc42fb8bc88d7b721b9274087658bfa90a5d85" Content-Length="154952" x-ms-client-request-id="387abc4a-d6b9-11f0-a0a8-fe41b0dd23bf" x-ms-artifact-checksum="97f97faf149b547ee60fe143e2f6f6412e6f56488e0a908c5440fb836560f8c6" X-ARR-LOG-ID="387abc4a-d6b9-11f0-a0a8-fe41b0dd23bf" CLIENT-IP="124.122.92.107:63056" X-SITE-DEPLOYMENT-ID="kanom-roblox" WAS-DEFAULT-HOSTNAME="kanom-roblox-esbng4c0eng4b3gc.scm.southeastasia-01.azurewebsites.net" X-Forwarded-Proto="https" X-AppService-Proto="https" X-Forwarded-TlsVersion="1.3" X-WAWS-Unencoded-URL="/api/publish?type=zip&amp;clean=True" X-Client-IP="124.122.92.107" X-Client-Port="63056" >
  <step title="OneDeploy" date="2025-12-11T17:46:00.864" >
    <step title="Starting PushDeployAsync" date="2025-12-11T17:46:00.909" /><!-- duration: 56ms -->
    <step title="Writing artifact to /tmp/zipdeploy/ddeeb8f9-ca10-453d-b7cc-18ed228867e4.zip" date="2025-12-11T17:46:01.217" >
      <step title="Writing multipart request body to /tmp/zipdeploy/ddeeb8f9-ca10-453d-b7cc-18ed228867e4.zip" date="2025-12-11T17:46:01.273" /><!-- duration: 20ms -->
    </step><!-- duration: 902ms -->
    <step title="Attempting to fetch target branch HEAD" date="2025-12-11T17:46:02.154" /><!-- duration: 38ms -->
    <step title="Acquiring Deployment Lock" date="2025-12-11T17:46:02.412" /><!-- duration: 4ms -->
    <step title="Acquired Deployment Lock" date="2025-12-11T17:46:02.510" /><!-- duration: 3ms -->
    <step title="Performing fetch based deployment" date="2025-12-11T17:46:02.548" >
      <step title="Creating temporary deployment" date="2025-12-11T17:46:02.570" /><!-- duration: 100ms -->
      <step title="Releasing Deployment Lock" date="2025-12-11T17:46:04.354" /><!-- duration: 48ms -->
      <step title="Cleaning up temp folders from previous zip deployments and extracting pushed zip file /tmp/zipdeploy/ddeeb8f9-ca10-453d-b7cc-18ed228867e4.zip (0.15 MB) to /tmp/zipdeploy/extracted" date="2025-12-11T17:46:04.852" >
        <step title="ChmodRecursive Process exited with total time taken in ms: 139" date="2025-12-11T17:46:16.796" /><!-- duration: 19ms -->
      </step><!-- duration: 11991ms -->
      <step title="None repository commit" date="2025-12-11T17:46:16.865" >
        <step title="Commit id: 93aa9a38-6f72-4be2-92a3-6d1a033ca522" date="2025-12-11T17:46:16.893" Message="OneDeploy" AuthorName="N/A" AuthorEmail="N/A" /><!-- duration: 8ms -->
      </step><!-- duration: 38ms -->
      <step title="Deployment timer started" date="2025-12-11T17:46:18.929" >
        <step title="DeploymentManager.Deploy(id:93aa9a38-6f72-4be2-92a3-6d1a033ca522)" date="2025-12-11T17:46:18.968" >
          <step title="Collecting changeset information" date="2025-12-11T17:46:19.038" /><!-- duration: 394ms -->
          <step title="Updating submodules" date="2025-12-11T17:46:19.451" /><!-- duration: 1510ms -->
          <step title="Determining deployment builder" date="2025-12-11T17:46:21.791" >
            <step title="Builder is CustomBuilder" date="2025-12-11T17:46:21.897" /><!-- duration: 49ms -->
          </step><!-- duration: 330ms -->
          <step title="PreDeployment: context.CleanOutputPath False" date="2025-12-11T17:46:22.506" >
            <step title="PreDeployment: context.OutputPath /home/site/wwwroot" date="2025-12-11T17:46:23.560" >
              <step title="Building" date="2025-12-11T17:46:23.977" >
                <step title="Executing external process" date="2025-12-11T17:46:25.935" type="process" path="starter.sh" arguments="npm install" >
                  <step title="Cpu: npm install(1887,5.490s)=total(5.490s)" date="2025-12-11T17:47:34.031" /><!-- duration: 154ms -->
                  <step title="starter.sh: no io activity for 61s, prev-cpu=-1.000s, current-cpu=5.490s" date="2025-12-11T17:47:34.293" /><!-- duration: 167ms -->
                </step><!-- duration: 104187ms -->
                <step title="Modified file to trigger a restart of the app container." date="2025-12-11T17:48:10.464" /><!-- duration: 3ms -->
                <step title="Skip function trigger and logicapp sync because function is not enabled." date="2025-12-11T17:48:10.496" /><!-- duration: 10ms -->
                <step title="Purge deployment items" date="2025-12-11T17:48:12.283" >
                  <step title="Remove temp-9f90, Failed, received at 12/11/2025 17:46:02" date="2025-12-11T17:48:12.400" /><!-- duration: 2ms -->
                </step><!-- duration: 121ms -->
              </step><!-- duration: 108712ms -->
            </step><!-- duration: 109186ms -->
            <step title="Cleaning up temp files" date="2025-12-11T17:48:12.805" /><!-- duration: 116ms -->
            <step title="Cleaning up temp files" date="2025-12-11T17:48:12.979" 