<step title="Incoming Request" date="2025-12-11T18:15:47.725" instance="5b6600" url="/api/publish?type=zip" method="POST" type="request" pid="833,1,21" Accept="*/*" Host="kanom-roblox-esbng4c0eng4b3gc.scm.southeastasia-01.azurewebsites.net" User-Agent="AZURECLI/2.81.0 (HOMEBREW)" Accept-Encoding="gzip, deflate" Authorization="Bas..." Cache-Control="no-cache" Content-Type="application/octet-stream" Cookie="ARRAffinity=5b6600aecfae7b5eb1290df18fcc42fb8bc88d7b721b9274087658bfa90a5d85; ARRAffinitySameSite=5b6600aecfae7b5eb1290df18fcc42fb8bc88d7b721b9274087658bfa90a5d85" Content-Length="180716" x-ms-client-request-id="66e2c51a-d6bd-11f0-9fab-fe41b0dd23bf" x-ms-artifact-checksum="aa50e1cc072daa229a8360773473fa747605b60c7e2199f94bcd2b7a1219938a" X-ARR-LOG-ID="66e2c51a-d6bd-11f0-9fab-fe41b0dd23bf" CLIENT-IP="124.122.92.107:63640" X-SITE-DEPLOYMENT-ID="kanom-roblox" WAS-DEFAULT-HOSTNAME="kanom-roblox-esbng4c0eng4b3gc.scm.southeastasia-01.azurewebsites.net" X-Forwarded-Proto="https" X-AppService-Proto="https" X-Forwarded-TlsVersion="1.3" X-WAWS-Unencoded-URL="/api/publish?type=zip" X-Client-IP="124.122.92.107" X-Client-Port="63640" >
  <step title="OneDeploy" date="2025-12-11T18:15:48.015" >
    <step title="None repository commit" date="2025-12-11T18:15:48.110" >
      <step title="Commit id: b482bb35-ebeb-4ae0-98fd-257711d20d43" date="2025-12-11T18:15:48.157" Message="N/A" AuthorName="N/A" AuthorEmail="N/A" /><!-- duration: 21ms -->
    </step><!-- duration: 96ms -->
    <step title="Starting PushDeployAsync" date="2025-12-11T18:15:48.235" /><!-- duration: 9ms -->
    <step title="Writing artifact to /tmp/zipdeploy/81f1d0d9-2e9a-4ced-89e6-e25d1310d281.zip" date="2025-12-11T18:15:48.322" >
      <step title="Writing multipart request body to /tmp/zipdeploy/81f1d0d9-2e9a-4ced-89e6-e25d1310d281.zip" date="2025-12-11T18:15:48.325" /><!-- duration: 17ms -->
    </step><!-- duration: 218ms -->
    <step title="Attempting to fetch target branch HEAD" date="2025-12-11T18:15:48.577" /><!-- duration: 8ms -->
    <step title="Acquiring Deployment Lock" date="2025-12-11T18:15:48.605" /><!-- duration: 2ms -->
    <step title="Acquired Deployment Lock" date="2025-12-11T18:15:48.746" /><!-- duration: 27ms -->
    <step title="Performing fetch based deployment" date="2025-12-11T18:15:48.838" >
      <step title="Creating temporary deployment" date="2025-12-11T18:15:48.841" /><!-- duration: 349ms -->
      <step title="Releasing Deployment Lock" date="2025-12-11T18:15:50.666" /><!-- duration: 72ms -->
      <step title="Cleaning up temp folders from previous zip deployments and extracting pushed zip file /tmp/zipdeploy/81f1d0d9-2e9a-4ced-89e6-e25d1310d281.zip (0.17 MB) to /tmp/zipdeploy/extracted" date="2025-12-11T18:15:50.873" >
        <step title="ChmodRecursive Process exited with total time taken in ms: 192" date="2025-12-11T18:15:51.203" /><!-- duration: 21ms -->
      </step><!-- duration: 361ms -->
      <step title="None repository commit" date="2025-12-11T18:15:51.243" >
        <step title="Commit id: b482bb35-ebeb-4ae0-98fd-257711d20d43" date="2025-12-11T18:15:51.263" Message="OneDeploy" AuthorName="N/A" AuthorEmail="N/A" /><!-- duration: 10ms -->
      </step><!-- duration: 40ms -->
      <step title="Deployment timer started" date="2025-12-11T18:15:53.323" >
        <step title="DeploymentManager.Deploy(id:b482bb35-ebeb-4ae0-98fd-257711d20d43)" date="2025-12-11T18:15:53.343" >
          <step title="Collecting changeset information" date="2025-12-11T18:15:53.399" /><!-- duration: 196ms -->
          <step title="Updating submodules" date="2025-12-11T18:15:53.616" /><!-- duration: 1329ms -->
          <step title="Determining deployment builder" date="2025-12-11T18:15:55.355" >
            <step title="Builder is CustomBuilder" date="2025-12-11T18:15:55.364" /><!-- duration: 30ms -->
          </step><!-- duration: 60ms -->
          <step title="PreDeployment: context.CleanOutputPath False" date="2025-12-11T18:15:55.693" >
            <step title="PreDeployment: context.OutputPath /home/site/wwwroot" date="2025-12-11T18:15:55.986" >
              <step title="Building" date="2025-12-11T18:15:56.360" >
                <step title="Executing external process" date="2025-12-11T18:15:57.604" type="process" path="starter.sh" arguments="npm install" >
                  <step title="Cpu: npm install(959,13.270s)=total(13.270s)" date="2025-12-11T18:16:58.639" /><!-- duration: 46ms -->
                  <step title="starter.sh: no io activity for 60s, prev-cpu=-1.000s, current-cpu=13.270s" date="2025-12-11T18:16:58.736" /><!-- duration: 20ms -->
                </step><!-- duration: 66847ms -->
                <step title="Modified file to trigger a restart of the app container." date="2025-12-11T18:17:04.797" /><!-- duration: 14ms -->
                <step title="Skip function trigger and logicapp sync because function is not enabled." date="2025-12-11T18:17:04.821" /><!-- duration: 15ms -->
              </step><!-- duration: 69259ms -->
            </step><!-- duration: 69637ms -->
            <step title="Cleaning up temp files" date="2025-12-11T18:17:05.624" /><!-- duration: 4ms -->
            <step title="Cleaning up temp files" date="2025-12-11T18:17:05.633" /><!-- duration: 522ms -->
            <step title="Reloading status file with latest updates" date="2025-12-11T18:17:06.216" >
              <step title="WebHooksManager.PublishEventAsync: PostDeployment" date="2025-12-11T18:17:06.228" /><!-- duration: 92ms -->
            </step><!-- duration: 106ms -->
            <step title="Cleaning up temporary deployment - fetch deployment was successful" date="2025-12-11T18:17:06.329" /><!-- duration: 3ms -->
          </step><!-- duration: 70699ms -->
        </step><!-- duration: 73064ms -->
        <step title="Outgoing response" date="2025-12-11T18:17:06.438" type="response" statusCode="200" statusText="OK" /><!-- duration: 2ms -->
      </step><!-- duration: 73120ms -->
