<step title="Incoming Request" date="2025-12-11T16:59:44.444" instance="5b6600" url="/api/publish?type=zip&amp;clean=True" method="POST" type="request" pid="847,1,26" Accept="*/*" Host="kanom-roblox-esbng4c0eng4b3gc.scm.southeastasia-01.azurewebsites.net" User-Agent="AZURECLI/2.81.0 (HOMEBREW)" Accept-Encoding="gzip, deflate" Authorization="Bas..." Cache-Control="no-cache" Content-Type="application/octet-stream" Cookie="ARRAffinity=5b6600aecfae7b5eb1290df18fcc42fb8bc88d7b721b9274087658bfa90a5d85; ARRAffinitySameSite=5b6600aecfae7b5eb1290df18fcc42fb8bc88d7b721b9274087658bfa90a5d85" Content-Length="125652" x-ms-client-request-id="c1a4e40c-d6b2-11f0-b8c1-fe41b0dd23bf" x-ms-artifact-checksum="ed805070db360f319395a38d0d8d36cd568cc7bb3f19c672f42b9e4ad17393a0" X-ARR-LOG-ID="c1a4e40c-d6b2-11f0-b8c1-fe41b0dd23bf" CLIENT-IP="124.122.92.107:11289" X-SITE-DEPLOYMENT-ID="kanom-roblox" WAS-DEFAULT-HOSTNAME="kanom-roblox-esbng4c0eng4b3gc.scm.southeastasia-01.azurewebsites.net" X-Forwarded-Proto="https" X-AppService-Proto="https" X-Forwarded-TlsVersion="1.3" X-WAWS-Unencoded-URL="/api/publish?type=zip&amp;clean=True" X-Client-IP="124.122.92.107" X-Client-Port="11289" >
  <step title="OneDeploy" date="2025-12-11T16:59:44.629" >
    <step title="None repository commit" date="2025-12-11T16:59:44.650" >
      <step title="Commit id: e7ec600f-cc73-4dcd-91fc-1d70c4ae340f" date="2025-12-11T16:59:44.659" Message="N/A" AuthorName="N/A" AuthorEmail="N/A" /><!-- duration: 4ms -->
    </step><!-- duration: 15ms -->
    <step title="Starting PushDeployAsync" date="2025-12-11T16:59:44.667" /><!-- duration: 2ms -->
    <step title="Writing artifact to /tmp/zipdeploy/ce62430e-2905-4404-9edd-bc7d0ead415a.zip" date="2025-12-11T16:59:44.697" >
      <step title="Writing multipart request body to /tmp/zipdeploy/ce62430e-2905-4404-9edd-bc7d0ead415a.zip" date="2025-12-11T16:59:44.705" /><!-- duration: 3ms -->
    </step><!-- duration: 130ms -->
    <step title="Attempting to fetch target branch HEAD" date="2025-12-11T16:59:44.846" /><!-- duration: 2ms -->
    <step title="Acquiring Deployment Lock" date="2025-12-11T16:59:44.851" /><!-- duration: 2ms -->
    <step title="Acquired Deployment Lock" date="2025-12-11T16:59:44.924" /><!-- duration: 2ms -->
    <step title="Performing fetch based deployment" date="2025-12-11T16:59:44.933" >
      <step title="Creating temporary deployment" date="2025-12-11T16:59:44.984" /><!-- duration: 107ms -->
      <step title="Releasing Deployment Lock" date="2025-12-11T16:59:46.360" /><!-- duration: 4ms -->
      <step title="Cleaning up temp folders from previous zip deployments and extracting pushed zip file /tmp/zipdeploy/ce62430e-2905-4404-9edd-bc7d0ead415a.zip (0.12 MB) to /tmp/zipdeploy/extracted" date="2025-12-11T16:59:46.419" >
        <step title="ChmodRecursive Process exited with total time taken in ms: 104" date="2025-12-11T16:59:46.623" /><!-- duration: 2ms -->
      </step><!-- duration: 214ms -->
      <step title="None repository commit" date="2025-12-11T16:59:46.641" >
        <step title="Commit id: e7ec600f-cc73-4dcd-91fc-1d70c4ae340f" date="2025-12-11T16:59:46.650" Message="OneDeploy" AuthorName="N/A" AuthorEmail="N/A" /><!-- duration: 2ms -->
      </step><!-- duration: 13ms -->
      <step title="Deployment timer started" date="2025-12-11T16:59:48.660" >
        <step title="DeploymentManager.Deploy(id:e7ec600f-cc73-4dcd-91fc-1d70c4ae340f)" date="2025-12-11T16:59:48.667" >
          <step title="Collecting changeset information" date="2025-12-11T16:59:48.695" /><!-- duration: 114ms -->
          <step title="Updating submodules" date="2025-12-11T16:59:48.814" /><!-- duration: 1141ms -->
          <step title="Determining deployment builder" date="2025-12-11T16:59:50.210" >
            <step title="Builder is CustomBuilder" date="2025-12-11T16:59:50.215" /><!-- duration: 2ms -->
          </step><!-- duration: 12ms -->
          <step title="PreDeployment: context.CleanOutputPath False" date="2025-12-11T16:59:50.281" >
            <step title="PreDeployment: context.OutputPath /home/site/wwwroot" date="2025-12-11T16:59:50.450" >
              <step title="Building" date="2025-12-11T16:59:50.624" >
                <step title="Executing external process" date="2025-12-11T16:59:51.197" type="process" path="starter.sh" arguments="npm install" /><!-- duration: 33606ms -->
                <step title="Modified file to trigger a restart of the app container." date="2025-12-11T17:00:25.259" /><!-- duration: 2ms -->
                <step title="Skip function trigger and logicapp sync because function is not enabled." date="2025-12-11T17:00:25.271" /><!-- duration: 7ms -->
                <step title="Purge deployment items" date="2025-12-11T17:00:26.006" >
                  <step title="Remove 257ade83-, Failed, received at 12/11/2025 16:36:13" date="2025-12-11T17:00:26.072" /><!-- duration: 2ms -->
                  <step title="Remove temp-130d, Failed, received at 12/11/2025 16:36:02" date="2025-12-11T17:00:26.122" /><!-- duration: 3ms -->
                </step><!-- duration: 124ms -->
              </step><!-- duration: 35594ms -->
            </step><!-- duration: 35778ms -->
            <step title="Cleaning up temp files" date="2025-12-11T17:00:26.237" /><!-- duration: 14ms -->
            <step title="Cleaning up temp files" date="2025-12-11T17:00:26.254" /><!-- duration: 511ms -->
            <step title="Reloading status file with latest updates" date="2025-12-11T17:00:26.819" >
              <step title="WebHooksManager.PublishEventAsync: PostDeployment" date="2025-12-11T17:00:26.824" /><!-- duration: 86ms -->
            </step><!-- duration: 97ms -->
            <step title="Cleaning up temporary deployment - fetch deployment was successful" date="2025-12-11T17:00:26.921" /><!-- duration: 2ms -->
          </step><!-- duration: 36730ms -->
        </step><!-- duration: 38361ms -->
        <step title="Outgoing response" date="2025-12-11T17:00:27.079" type="response" statusCode="200" statusText="OK" /><!-- duration: 2ms -->
      </step><!-- duration: 38426ms -->
