<step title="Incoming Request" date="2025-12-11T16:35:59.886" instance="5b6600" url="/api/publish?type=zip&amp;clean=True" method="POST" type="request" pid="831,1,30" Accept="*/*" Host="kanom-roblox-esbng4c0eng4b3gc.scm.southeastasia-01.azurewebsites.net" User-Agent="AZURECLI/2.81.0 (HOMEBREW)" Accept-Encoding="gzip, deflate" Authorization="Bas..." Cache-Control="no-cache" Content-Type="application/octet-stream" Cookie="ARRAffinity=5b6600aecfae7b5eb1290df18fcc42fb8bc88d7b721b9274087658bfa90a5d85; ARRAffinitySameSite=5b6600aecfae7b5eb1290df18fcc42fb8bc88d7b721b9274087658bfa90a5d85" Content-Length="125652" x-ms-client-request-id="70ef1418-d6af-11f0-9767-fe41b0dd23bf" x-ms-artifact-checksum="9c0b8edb2c1a2509609b2742f5ac9e62268010fd37a14d6b8277a45aa76d63d9" X-ARR-LOG-ID="70ef1418-d6af-11f0-9767-fe41b0dd23bf" CLIENT-IP="124.122.92.107:10849" X-SITE-DEPLOYMENT-ID="kanom-roblox" WAS-DEFAULT-HOSTNAME="kanom-roblox-esbng4c0eng4b3gc.scm.southeastasia-01.azurewebsites.net" X-Forwarded-Proto="https" X-AppService-Proto="https" X-Forwarded-TlsVersion="1.3" X-WAWS-Unencoded-URL="/api/publish?type=zip&amp;clean=True" X-Client-IP="124.122.92.107" X-Client-Port="10849" >
  <step title="Cleanup Xml Logs" date="2025-12-11T16:35:59.893" /><!-- duration: 13ms -->
  <step title="OneDeploy" date="2025-12-11T16:36:00.247" >
    <step title="None repository commit" date="2025-12-11T16:36:00.385" >
      <step title="Commit id: 257ade83-4607-42f0-9bb1-8b4c5a12bb54" date="2025-12-11T16:36:00.404" Message="N/A" AuthorName="N/A" AuthorEmail="N/A" /><!-- duration: 17ms -->
    </step><!-- duration: 45ms -->
    <step title="Starting PushDeployAsync" date="2025-12-11T16:36:00.433" /><!-- duration: 38ms -->
    <step title="Writing artifact to /tmp/zipdeploy/c0509d19-5668-434f-b761-89723b3f6bf0.zip" date="2025-12-11T16:36:00.795" >
      <step title="Writing multipart request body to /tmp/zipdeploy/c0509d19-5668-434f-b761-89723b3f6bf0.zip" date="2025-12-11T16:36:00.824" /><!-- duration: 116ms -->
    </step><!-- duration: 1619ms -->
    <step title="Attempting to fetch target branch HEAD" date="2025-12-11T16:36:02.433" /><!-- duration: 5ms -->
    <step title="Acquiring Deployment Lock" date="2025-12-11T16:36:02.530" /><!-- duration: 5ms -->
    <step title="Acquired Deployment Lock" date="2025-12-11T16:36:02.630" /><!-- duration: 9ms -->
    <step title="Performing fetch based deployment" date="2025-12-11T16:36:02.786" >
      <step title="Creating temporary deployment" date="2025-12-11T16:36:02.843" /><!-- duration: 479ms -->
      <step title="Releasing Deployment Lock" date="2025-12-11T16:36:08.225" /><!-- duration: 108ms -->
      <step title="Cleaning up temp folders from previous zip deployments and extracting pushed zip file /tmp/zipdeploy/c0509d19-5668-434f-b761-89723b3f6bf0.zip (0.12 MB) to /tmp/zipdeploy/extracted" date="2025-12-11T16:36:09.000" >
        <step title="ChmodRecursive Process exited with total time taken in ms: 967" date="2025-12-11T16:36:10.692" /><!-- duration: 173ms -->
      </step><!-- duration: 1875ms -->
      <step title="None repository commit" date="2025-12-11T16:36:10.895" >
        <step title="Commit id: 257ade83-4607-42f0-9bb1-8b4c5a12bb54" date="2025-12-11T16:36:10.906" Message="OneDeploy" AuthorName="N/A" AuthorEmail="N/A" /><!-- duration: 27ms -->
      </step><!-- duration: 64ms -->
      <step title="Deployment timer started" date="2025-12-11T16:36:13.341" >
        <step title="DeploymentManager.Deploy(id:257ade83-4607-42f0-9bb1-8b4c5a12bb54)" date="2025-12-11T16:36:13.363" >
          <step title="Collecting changeset information" date="2025-12-11T16:36:13.458" /><!-- duration: 622ms -->
          <step title="Updating submodules" date="2025-12-11T16:36:14.168" /><!-- duration: 1870ms -->
          <step title="Determining deployment builder" date="2025-12-11T16:36:16.776" >
            <step title="Builder is CustomBuilder" date="2025-12-11T16:36:16.825" /><!-- duration: 17ms -->
          </step><!-- duration: 85ms -->
          <step title="PreDeployment: context.CleanOutputPath False" date="2025-12-11T16:36:17.068" >
            <step title="PreDeployment: context.OutputPath /home/site/wwwroot" date="2025-12-11T16:36:17.518" >
              <step title="Building" date="2025-12-11T16:36:18.372" >
                <step title="Executing external process" date="2025-12-11T16:36:20.115" type="process" path="starter.sh" arguments="npm install" >
                  <step title="Error occurred" date="2025-12-11T16:37:25.575" type="error" text="GetParentProcessLinux (1362) failed.: Could not find a part of the path &apos;/proc/1362/stat&apos;." stackTrace="   at Interop.ThrowExceptionForIoErrno(ErrorInfo errorInfo, String path, Boolean isDirError)
   at Microsoft.Win32.SafeHandles.SafeFileHandle.Open(String fullPath, FileMode mode, FileAccess access, FileShare share, FileOptions options, Int64 preallocationSize, UnixFileMode openPermissions, Int64&amp; fileLength, UnixFileMode&amp; filePermissions, Boolean failForSymlink, Boolean&amp; wasSymlink, Func`4 createOpenException)
   at System.IO.Strategies.OSFileStreamStrategy..ctor(String path, FileMode mode, FileAccess access, FileShare share, FileOptions options, Int64 preallocationSize, Nullable`1 unixCreateMode)
   at System.IO.StreamReader.ValidateArgsAndOpenPath(String path, Encoding encoding, Int32 bufferSize)
   at System.IO.File.ReadLines(String path)
   at Kudu.Core.Infrastructure.ProcessExtensions.GetParentProcessLinux(Process process, ITracer tracer) in /tmp/KuduLite/Kudu.Core/Infrastructure/ProcessExtensions.cs:line 155" /><!-- duration: 74ms -->
                  <step title="Cpu: npm install(1342,2.030s)=total(2.030s)" date="2025-12-11T16:37:26.109" /><!-- duration: 45ms -->
                  <step title="starter.sh: no io activity for 61s, prev-cpu=-1.000s, current-cpu=2.030s" date="2025-12-11T16:37:26.239" /><!-- duration: 69ms -->
