<step title="Incoming Request" date="2025-12-11T22:03:04.042" instance="5b6600" url="/api/zipdeploy?isAsync=true" method="POST" type="request" pid="770,1,16" Accept="*/*" Host="kanom-roblox-esbng4c0eng4b3gc.scm.southeastasia-01.azurewebsites.net" User-Agent="AZURECLI/2.81.0 (HOMEBREW)" Accept-Encoding="gzip, deflate" Authorization="Bas..." Cache-Control="no-cache" Content-Type="application/octet-stream" Content-Length="109247" x-ms-client-request-id="28c32732-d6dd-11f0-823b-fe41b0dd23bf" x-ms-artifact-checksum="1d2101844922925675da4a032a4f5ad7610035790f8783ea9877556788e5f173" X-ARR-LOG-ID="28c32732-d6dd-11f0-823b-fe41b0dd23bf" CLIENT-IP="124.122.92.107:15957" X-SITE-DEPLOYMENT-ID="kanom-roblox" WAS-DEFAULT-HOSTNAME="kanom-roblox-esbng4c0eng4b3gc.scm.southeastasia-01.azurewebsites.net" X-Forwarded-Proto="https" X-AppService-Proto="https" X-Forwarded-TlsVersion="1.3" X-WAWS-Unencoded-URL="/api/zipdeploy?isAsync=true" X-Client-IP="124.122.92.107" X-Client-Port="15957" >
  <step title="ZipPushDeploy" date="2025-12-11T22:03:05.416" >
    <step title="ZipDeploy. Extract zip. Remote build." date="2025-12-11T22:03:05.427" /><!-- duration: 8ms -->
    <step title="None repository commit" date="2025-12-11T22:03:05.445" >
      <step title="Commit id: 78e150ee-d7c2-4a3a-b069-671c63701f8f" date="2025-12-11T22:03:05.448" Message="N/A" AuthorName="N/A" AuthorEmail="N/A" /><!-- duration: 7ms -->
    </step><!-- duration: 12ms -->
    <step title="Starting PushDeployAsync" date="2025-12-11T22:03:05.465" /><!-- duration: 9ms -->
    <step title="Writing artifact to /tmp/zipdeploy/5d1ab9cd-8a1b-41ad-86aa-f1dbcd1f5046.zip" date="2025-12-11T22:03:05.505" >
      <step title="Writing multipart request body to /tmp/zipdeploy/5d1ab9cd-8a1b-41ad-86aa-f1dbcd1f5046.zip" date="2025-12-11T22:03:05.532" /><!-- duration: 2ms -->
    </step><!-- duration: 197ms -->
    <step title="Start deployment in the background" date="2025-12-11T22:03:05.777" >
      <step title="Acquiring Deployment Lock" date="2025-12-11T22:03:05.873" /><!-- duration: 33ms -->
      <step title="Acquired Deployment Lock" date="2025-12-11T22:03:06.003" /><!-- duration: 9ms -->
    </step><!-- duration: 413ms -->
  </step><!-- duration: 823ms -->
  <step title="Outgoing response" date="2025-12-11T22:03:06.334" type="response" statusCode="202" statusText="Accepted" /><!-- duration: 2ms -->
</step><!-- duration: 2303ms -->
