﻿<?xml version="1.0" encoding="utf-8"?>
<deployment>
  <id>b482bb35-ebeb-4ae0-98fd-257711d20d43</id>
  <author>N/A</author>
  <deployer>OneDeploy</deployer>
  <authorEmail>N/A</authorEmail>
  <message>OneDeploy</message>
  <progress></progress>
  <status>Success</status>
  <statusText></statusText>
  <lastSuccessEndTime>2025-12-11T18:17:05.1963465Z</lastSuccessEndTime>
  <receivedTime>2025-12-11T18:15:53.4586628Z</receivedTime>
  <startTime>2025-12-11T18:15:55.2105456Z</startTime>
  <endTime>2025-12-11T18:17:05.1963465Z</endTime>
  <complete>True</complete>
  <is_temp>False</is_temp>
  <is_readonly>True</is_readonly>
  <buildSummary />
</deployment>