﻿<?xml version="1.0" encoding="utf-8"?>
<deployment>
  <id>93aa9a38-6f72-4be2-92a3-6d1a033ca522</id>
  <author>N/A</author>
  <deployer>OneDeploy</deployer>
  <authorEmail>N/A</authorEmail>
  <message>OneDeploy</message>
  <progress></progress>
  <status>Success</status>
  <statusText></statusText>
  <lastSuccessEndTime>2025-12-11T17:48:10.7979589Z</lastSuccessEndTime>
  <receivedTime>2025-12-11T17:46:19.3354038Z</receivedTime>
  <startTime>2025-12-11T17:46:21.5776896Z</startTime>
  <endTime>2025-12-11T17:48:10.7979589Z</endTime>
  <complete>True</complete>
  <is_temp>False</is_temp>
  <is_readonly>True</is_readonly>
  <buildSummary />
</deployment>