{
  "$schema": "https://schema.management.azure.com/schemas/2019-04-01/deploymentTemplate.json#",
  "contentVersion": "1.0.0.0",
  "parameters": {
    "appServicePlanName": {
      "type": "string",
      "defaultValue": "kanom-roblox-plan",
      "metadata": {
        "description": "Name of the App Service Plan"
      }
    },
    "webAppName": {
      "type": "string",
      "defaultValue": "kanom-roblox",
      "metadata": {
        "description": "Name of the Web App"
      }
    },
    "location": {
      "type": "string",
      "defaultValue": "[resourceGroup().location]",
      "metadata": {
        "description": "Location for all resources"
      }
    },
    "skuName": {
      "type": "string",
      "defaultValue": "B1",
      "allowedValues": [
        "B1",
        "B2",
        "B3",
        "S1",
        "S2",
        "S3",
        "P1V2",
        "P2V2",
        "P3V2"
      ],
      "metadata": {
        "description": "App Service Plan SKU"
      }
    }
  },
  "variables": {
    "resourceGroupName": "[resourceGroup().name]"
  },
  "resources": [
    {
      "type": "Microsoft.Web/serverfarms",
      "apiVersion": "2023-01-01",
      "name": "[parameters('appServicePlanName')]",
      "location": "[parameters('location')]",
      "sku": {
        "name": "[parameters('skuName')]",
        "tier": "Basic"
      },
      "kind": "linux",
      "properties": {
        "reserved": true
      }
    },
    {
      "type": "Microsoft.Web/sites",
      "apiVersion": "2023-01-01",
      "name": "[parameters('webAppName')]",
      "location": "[parameters('location')]",
      "kind": "app,linux",
      "dependsOn": [
        "[resourceId('Microsoft.Web/serverfarms', parameters('appServicePlanName'))]"
      ],
      "properties": {
        "serverFarmId": "[resourceId('Microsoft.Web/serverfarms', parameters('appServicePlanName'))]",
        "siteConfig": {
          "linuxFxVersion": "NODE|20-lts",
          "alwaysOn": true,
          "http20Enabled": true,
          "minTlsVersion": "1.2",
          "scmType": "None",
          "appSettings": [
            {
              "name": "WEBSITE_NODE_DEFAULT_VERSION",
              "value": "20.x"
            },
            {
              "name": "NODE_ENV",
              "value": "production"
            },
            {
              "name": "PORT",
              "value": "8080"
            }
          ],
          "connectionStrings": []
        },
        "httpsOnly": true
      }
    },
    {
      "type": "Microsoft.Web/sites/config",
      "apiVersion": "2023-01-01",
      "name": "[concat(parameters('webAppName'), '/web')]",
      "dependsOn": [
        "[resourceId('Microsoft.Web/sites', parameters('webAppName'))]"
      ],
      "properties": {
        "numberOfWorkers": 1,
        "defaultDocuments": [],
        "netFrameworkVersion": "v4.0",
        "requestTracingEnabled": false,
        "remoteDebuggingEnabled": false,
        "httpLoggingEnabled": true,
        "detailedErrorLoggingEnabled": true,
        "publishingUsername": "[concat('$', parameters('webAppName'))]",
        "scmType": "None",
        "use32BitWorkerProcess": false,
        "webSocketsEnabled": true,
        "managedPipelineMode": "Integrated",
        "virtualApplications": [
          {
            "virtualPath": "/",
            "physicalPath": "site\\wwwroot",
            "preloadEnabled": true
          }
        ],
        "loadBalancing": "LeastRequests",
        "experiments": {
          "rampUpRules": []
        },
        "autoHealEnabled": false,
        "cors": {
          "allowedOrigins": [
            "*"
          ],
          "supportCredentials": false
        },
        "localMySqlEnabled": false,
        "ipSecurityRestrictions": [
          {
            "ipAddress": "Any",
            "action": "Allow",
            "priority": 2147483647,
            "name": "Allow all",
            "description": "Allow all access"
          }
        ],
        "scmIpSecurityRestrictions": [
          {
            "ipAddress": "Any",
            "action": "Allow",
            "priority": 2147483647,
            "name": "Allow all",
            "description": "Allow all access"
          }
        ],
        "scmIpSecurityRestrictionsUseMain": false,
        "http20Enabled": true,
        "minTlsVersion": "1.2",
        "scmMinTlsVersion": "1.0",
        "ftpsState": "FtpsOnly",
        "preWarmedInstanceCount": 0,
        "functionAppScaleLimit": 0,
        "healthCheckPath": "/healthz",
        "fileChangeAuditEnabled": false,
        "functionsRuntimeScaleMonitoringEnabled": false,
        "websiteTimeZone": "UTC",
        "minimumElasticInstanceCount": 1
      }
    }
  ],
  "outputs": {
    "webAppUrl": {
      "type": "string",
      "value": "[concat('https://', reference(resourceId('Microsoft.Web/sites', parameters('webAppName'))).defaultHostName)]"
    }
  }
}
