{
  "เมนูระบบใช้งานธนาคาร": false,
  "เบอร์รับเงินวอเลท": "0835891753",
  "API_SLIPOK_KEY": "SLIPOKH0LD00I",
  "SLIPOK_BRANCH_ID": "57425",
  "API_TRUEMONEY_KEY_ID": "ak_live_6ef960ee52e6",
  "TRUEMONEY_BASE": "https://true-wallet-voucher-production.up.railway.app",
  "เบอร์รับเงินพ้อมเพย์": "0835891753",
  "เติมเงินขั้นต่ำของธนาคาร": "58",
  "ไอดีช่องเช็คสลิป": "1448622048741167106",
  "ไอดีช่องแจ้งเตือนเติมเงิน": "1448622433387937892",
  "ยศไอดีเช็คสลิป": "1448627651194392678",
  "ไอดียศได้รับเมื่อเติมเงิน": "1092835476911693945",
  "ปรับกำหนดเวลาเช็คสลิป": "5",
  "ROBUX_RATE": "3.5",
  "ROBUX_ENABLED": true,
  "ROBUX_NOTIFY_CHANNEL": "1448622309752438925",
  "ROBUX_PAYOUT_COOLDOWN": "5",
  "ALLOWED_ROLES_PAYMENT": "ROLE_ID_1,ROLE_ID_2",
  "ALLOWED_ROLES_USER": "1308478122705813616,693169394783879370,1108816021915176962"
}