﻿<?xml version="1.0" encoding="utf-8"?>
<deployment>
  <id>ddd4d0a4-0275-4b86-bbaa-8e9639893e8f</id>
  <author>N/A</author>
  <deployer>OneDeploy</deployer>
  <authorEmail>N/A</authorEmail>
  <message>OneDeploy</message>
  <progress></progress>
  <status>Success</status>
  <statusText></statusText>
  <lastSuccessEndTime>2025-12-11T18:47:10.5040919Z</lastSuccessEndTime>
  <receivedTime>2025-12-11T18:46:46.0510383Z</receivedTime>
  <startTime>2025-12-11T18:46:47.5347581Z</startTime>
  <endTime>2025-12-11T18:47:10.5040919Z</endTime>
  <complete>True</complete>
  <is_temp>False</is_temp>
  <is_readonly>True</is_readonly>
  <buildSummary />
</deployment>