﻿<?xml version="1.0" encoding="utf-8"?>
<deployment>
  <id>e7ec600f-cc73-4dcd-91fc-1d70c4ae340f</id>
  <author>N/A</author>
  <deployer>OneDeploy</deployer>
  <authorEmail>N/A</authorEmail>
  <message>OneDeploy</message>
  <progress></progress>
  <status>Success</status>
  <statusText></statusText>
  <lastSuccessEndTime>2025-12-11T17:00:25.6719283Z</lastSuccessEndTime>
  <receivedTime>2025-12-11T16:59:48.7429105Z</receivedTime>
  <startTime>2025-12-11T16:59:50.1388794Z</startTime>
  <endTime>2025-12-11T17:00:25.6719283Z</endTime>
  <complete>True</complete>
  <is_temp>False</is_temp>
  <is_readonly>True</is_readonly>
  <buildSummary />
</deployment>