﻿<?xml version="1.0" encoding="utf-8"?>
<deployment>
  <id>78e150ee-d7c2-4a3a-b069-671c63701f8f</id>
  <author>N/A</author>
  <deployer>Push-Deployer</deployer>
  <authorEmail>N/A</authorEmail>
  <message>Created via a push deployment</message>
  <progress></progress>
  <status>Failed</status>
  <statusText></statusText>
  <lastSuccessEndTime />
  <receivedTime>2025-12-11T22:03:10.8294344Z</receivedTime>
  <startTime>2025-12-11T22:03:13.0404498Z</startTime>
  <endTime>2025-12-11T22:03:36.0943757Z</endTime>
  <complete>True</complete>
  <is_temp>False</is_temp>
  <is_readonly>True</is_readonly>
  <buildSummary />
</deployment>